Cluster 1,Cluster 2,Cluster 3,Cluster 4,Cluster 5,Cluster 6
perfectwords,lostcities,turingmachine,wizard,nextstationtokyo,doglover
president,dudo,lama,vultureculture,nextstation,hive
hanabi,itsawonderfulworld,bagofchips,sushigoparty,,
pi,knarr,backgammon,forsale,,
durak,azul,chess,skull,,
nowboarding,memoir,gonutsfordonuts,supermegaluckybox,,
laserreflection,kingdombuilder,rummy,chinesecheckers,,
splits,chakra,martiandice,cucumber,,
thecrew,happycity,spades,welcometo,,
tranquilitytheascent,novaluna,burglebros,goodcopbadcop,,
santorini,stockpile,trektwelve,bunnykingdom,,
lookatthestars,innovation,caboodle,butterfly,,
tranquility,kingdomino,regicide,justone,,
daybreak,cosmosempires,seasaltpaper,bang,,
thecrewdeepsea,donuts,toc,downforce,,
,alhambra,stella,rage,,
,terraformingmars,cantstopexpress,ninetynineaddition,,
,akropolis,potionexplosion,nidavellir,,
,sevenwonders,lettertycoon,incangold,,
,castlesofburgundy,veggiegarden,kingoftokyo,,
,wingspan,handandfoot,concept,,
,sevenwondersduel,painttheroses,saboteur,,
,saintpetersburg,ninemensmorris,hoarders,,
,jumpdrive,justdesserts,solo,,
,elfenland,cubirds,timelinetwist,,
,forbiddenisland,gomoku,myshelfie,,
,heat,skyteam,schroedingerscats,,
,livingforest,golf,loveletter,,
,takenoko,rolltothetopjourneys,colorpop,,
,fluxx,koikoi,papayoo,,
,puertorico,yatzy,pandemic,,
,dogpark,ginrummy,sechsnimmt,,
,theisleofcats,pugsinmugs,nothanks,,
,raceforthegalaxy,bubbleepop,draftosaurus,,
,challengers,marrakech,illustori,,
,resarcana,railroadink,luxor,,
,rollforthegalaxy,liverpoolrummy,haiclue,,
,gaiaproject,locomomo,quoridor,,
,planetunknown,biomos,dicehospitaler,,
,frenchtarot,dobble,diceforge,,
,patchwork,cardiceo,tokaido,,
,agricola,imhotep,,,
,starfluxx,bandido,,,
,earth,luckynumbers,,,
,shiftingstones,abandonallartichokes,,,
,twentyfourseven,connectfour,,,
,belote,exitstrategy,,,
,greatwesterntrail,cantstop,,,
,arnak,checkers,,,
,coupcitystate,breakthecode,,,
,carcassonne,battleship,,,
,hanamikoji,chromino,,,
,carcassonnehuntersandgatherers,reversi,,,
,spacebase,setup,,,
,parks,scopa,,,
,splendor,ohhell,,,
,viticulture,gofish,,,
,terramystica,spots,,,
,arknova,boop,,,
,beyondthesun,flamingpyramids,,,
,tickettorideeurope,farkle,,,
,hadara,rollandbump,,,
,jaipur,piratenkapern,,,
,feastforodin,pingimus,,,
,sushigo,hearts,,,
,terranova,cribbage,,,
,euchre,escapefromthehiddencastle,,,
,forestshuffle,similo,,,
,gizmos,,,,
,dicehospital,,,,
,photosynthesis,,,,
,sobektwoplayers,,,,
,decrypto,,,,
,coltexpress,,,,
,tickettoride,,,,
,oasis,,,,
,obsession,,,,
,framework,,,,
,century,,,,
,codexnaturalis,,,,
,sevenwondersarchitects,,,,
,seasons,,,,
,stoneage,,,,
,spiteandmalice,,,,
,sagani,,,,
,catan,,,,
,faraway,,,,
,throughtheagesnewstory,,,,
